City,Attractions_Count,Source_URL
London,109,https://en.wikipedia.org/wiki/Category:Tourist_attractions_in_London
Paris,115,https://en.wikipedia.org/wiki/Category:Tourist_attractions_in_Paris
Rome,90,https://en.wikipedia.org/wiki/Category:Tourist_attractions_in_Rome
Berlin,74,https://en.wikipedia.org/wiki/Category:Tourist_attractions_in_Berlin
Madrid,32,https://en.wikipedia.org/wiki/Category:Tourist_attractions_in_Madrid
Vienna,74,https://en.wikipedia.org/wiki/Category:Tourist_attractions_in_Vienna
Amsterdam,44,https://en.wikipedia.org/wiki/Category:Tourist_attractions_in_Amsterdam
Prague,65,https://en.wikipedia.org/wiki/Category:Tourist_attractions_in_Prague
Barcelona,78,https://en.wikipedia.org/wiki/Category:Tourist_attractions_in_Barcelona
Istanbul,62,https://en.wikipedia.org/wiki/Category:Tourist_attractions_in_Istanbul
